{
  "id": "1614007",
  "name": "sizheng-ui-pc",
  "font_family": "iconfont",
  "css_prefix_text": "icon-",
  "description": "",
  "glyphs": [
    {
      "icon_id": "813712",
      "name": "密码",
      "font_class": "mima",
      "unicode": "e62f",
      "unicode_decimal": 58927
    },
    {
      "icon_id": "957599",
      "name": "验证码",
      "font_class": "yanzhengma",
      "unicode": "e6a0",
      "unicode_decimal": 59040
    },
    {
      "icon_id": "11947879",
      "name": "圆圈箭头",
      "font_class": "jiantou-left",
      "unicode": "e62d",
      "unicode_decimal": 58925
    },
    {
      "icon_id": "12864289",
      "name": "圆圈箭头",
      "font_class": "jiantou-right-copy",
      "unicode": "e6f3",
      "unicode_decimal": 59123
    },
    {
      "icon_id": "705689",
      "name": "锁",
      "font_class": "suo",
      "unicode": "e625",
      "unicode_decimal": 58917
    },
    {
      "icon_id": "978353",
      "name": "新浪微博",
      "font_class": "weibo1",
      "unicode": "e63d",
      "unicode_decimal": 58941
    },
    {
      "icon_id": "6940840",
      "name": "微信",
      "font_class": "weixin1",
      "unicode": "e65c",
      "unicode_decimal": 58972
    },
    {
      "icon_id": "11474234",
      "name": "component",
      "font_class": "component",
      "unicode": "e6f2",
      "unicode_decimal": 59122
    },
    {
      "icon_id": "1356161",
      "name": "眼睛-闭",
      "font_class": "yanjing-bi",
      "unicode": "e61d",
      "unicode_decimal": 58909
    },
    {
      "icon_id": "1356219",
      "name": "眼睛-睁",
      "font_class": "yanjing-zheng",
      "unicode": "e621",
      "unicode_decimal": 58913
    },
    {
      "icon_id": "10593837",
      "name": "用户-角色-用户名-单人_jurassic",
      "font_class": "user",
      "unicode": "e6a5",
      "unicode_decimal": 59045
    }
  ]
}
